Label,# Samples,Average,Min,Max,Std. Dev.,Error %,Throughput,Received KB/sec,Sent KB/sec,Avg. Bytes
Login Controller,150,40534,0,125304,32937.86,4.00%,0.22762,102.19,1.93,459717.1
SearchPartController,50,41911,0,112053,37952.06,16.00%,0.25589,7.57,1.79,30288.2
AddInBasketController,50,84675,0,163384,55320.55,10.00%,0.14616,16.63,2.73,116516.6
RaiseQuoteController,50,212846,0,289087,47006.76,10.00%,0.09381,32.12,2.44,350594.8
QuoteProcessController,50,339433,0,451445,86489.9,24.00%,0.09202,44.7,4.76,497399.6
StockController,50,135446,0,253309,56571.26,0.00%,0.12512,48.92,4.96,400393.1
DecomController,50,40179,0,121258,28128.75,0.00%,0.33109,152.05,12.49,470255
TOTAL (including sub-requests),3100,26012,0,451445,56865.38,1.94%,4.6528,439.12,27.07,96641.9
